{
    "0.25.0-dev": {
        "stable": {
            "count": 611,
            "mean": 120237704.94599018,
            "median": 1011216,
            "standardDeviation": 1266731659.1596396,
            "min": 163759,
            "max": 19060732880,
            "baselineWeightedEfficiencyScore": 12425390.694599018
        },
        "experimental": {
            "count": 745,
            "mean": 1026538663.6483221,
            "median": 8922860,
            "standardDeviation": 3031934484.2442517,
            "min": 84524,
            "max": 18426067752,
            "baselineWeightedEfficiencyScore": 105381438.76483223
        }
    },
    "0.25.0-pre-bifurcation": {
        "stable": {
            "count": 624,
            "mean": 101374357.53525642,
            "median": 1040987,
            "standardDeviation": 1192914154.3810272,
            "min": 155606,
            "max": 18226207933,
            "baselineWeightedEfficiencyScore": 10543095.453525642
        },
        "experimental": {
            "count": 686,
            "mean": 1153922654.5932944,
            "median": 8920551.5,
            "standardDeviation": 3168782029.724511,
            "min": 83475,
            "max": 18422514685,
            "baselineWeightedEfficiencyScore": 118118515.90932944
        }
    },
    "0.25.0-dontmerge": {
        "stable": {
            "count": 662,
            "mean": 103815074.27190332,
            "median": 1023453,
            "standardDeviation": 1210377100.3702557,
            "min": 176350,
            "max": 19038260341,
            "baselineWeightedEfficiencyScore": 10794353.327190334
        },
        "experimental": {
            "count": 721,
            "mean": 647316118.7905687,
            "median": 8929924,
            "standardDeviation": 2428686807.2299223,
            "min": 84568,
            "max": 18470786343,
            "baselineWeightedEfficiencyScore": 67461329.87905687
        }
    }
}