{
    "0.25.0-dev": {
        "count": 1356,
        "mean": 618168541.4011799,
        "median": 1332409.5,
        "standardDeviation": 2444766278.71625,
        "min": 84524,
        "max": 19060732880,
        "baselineWeightedEfficiencyScore": 62267291.390117995
    },
    "0.25.0-pre-bifurcation": {
        "count": 1310,
        "mean": 652556137.521374,
        "median": 1124780,
        "standardDeviation": 2492467966.3263373,
        "min": 83475,
        "max": 18422514685,
        "baselineWeightedEfficiencyScore": 65643132.7521374
    }
}
