{
    "0.25.0-dev": {
        "stable": {
            "count": 661,
            "mean": 103962661.52344932,
            "median": 1023419,
            "standardDeviation": 1211220245.065482,
            "min": 176350,
            "max": 19037581805,
            "baselineWeightedEfficiencyScore": 10809101.852344932
        },
        "experimental": {
            "count": 795,
            "mean": 1102381216.7433963,
            "median": 8932293,
            "standardDeviation": 3064040274.508855,
            "min": 84568,
            "max": 18481788095,
            "baselineWeightedEfficiencyScore": 112968550.37433964
        }
    },
    "0.25.0-alpha": {
        "stable": {
            "count": 624,
            "mean": 101374357.53525642,
            "median": 1040987,
            "standardDeviation": 1192914154.3810272,
            "min": 155606,
            "max": 18226207933,
            "baselineWeightedEfficiencyScore": 10543095.453525642
        },
        "experimental": {
            "count": 686,
            "mean": 1153922654.5932944,
            "median": 8920551.5,
            "standardDeviation": 3168782029.724511,
            "min": 83475,
            "max": 18422514685,
            "baselineWeightedEfficiencyScore": 118118515.90932944
        }
    }
}
