{
    "0.25.0-dev": {
        "stable": {
            "count": 611,
            "mean": 120237704.94599018,
            "median": 1011216,
            "standardDeviation": 1266731659.1596396,
            "min": 163759,
            "max": 19060732880,
            "baselineWeightedEfficiencyScore": 12425390.694599018
        },
        "experimental": {
            "count": 745,
            "mean": 1026538663.6483221,
            "median": 8922860,
            "standardDeviation": 3031934484.2442517,
            "min": 84524,
            "max": 18426067752,
            "baselineWeightedEfficiencyScore": 105381438.76483223
        }
    },
    "0.25.0-alpha": {
        "stable": {
            "count": 624,
            "mean": 101374357.53525642,
            "median": 1040987,
            "standardDeviation": 1192914154.3810272,
            "min": 155606,
            "max": 18226207933,
            "baselineWeightedEfficiencyScore": 10543095.453525642
        },
        "experimental": {
            "count": 686,
            "mean": 1153922654.5932944,
            "median": 8920551.5,
            "standardDeviation": 3168782029.724511,
            "min": 83475,
            "max": 18422514685,
            "baselineWeightedEfficiencyScore": 118118515.90932944
        }
    },
    "0.25.0": {
        "stable": {
            "count": 587,
            "mean": 121252643.32879046,
            "median": 1138843,
            "standardDeviation": 1416653240.869716,
            "min": 187283,
            "max": 21097096535,
            "baselineWeightedEfficiencyScore": 12579287.032879045
        },
        "experimental": {
            "count": 596,
            "mean": 808198534.0637584,
            "median": 8925503,
            "standardDeviation": 2674732562.9079432,
            "min": 88528,
            "max": 18489430011,
            "baselineWeightedEfficiencyScore": 83550621.10637584
        }
    },
    "0.26.0": {
        "stable": {
            "count": 582,
            "mean": 121131004.39690721,
            "median": 625431,
            "standardDeviation": 1410198908.8575644,
            "min": 169160,
            "max": 20896276762,
            "baselineWeightedEfficiencyScore": 12402225.739690723
        },
        "experimental": {
            "count": 819,
            "mean": 1164274023.028083,
            "median": 47529412,
            "standardDeviation": 3061795462.5515304,
            "min": 77168,
            "max": 18568670413,
            "baselineWeightedEfficiencyScore": 130732526.70280832
        }
    },
    "0.27.0": {
        "stable": {
            "count": 478,
            "mean": 149185985.44351465,
            "median": 783040.5,
            "standardDeviation": 1578398146.5541675,
            "min": 166942,
            "max": 20998586677,
            "baselineWeightedEfficiencyScore": 15253675.894351466
        },
        "experimental": {
            "count": 721,
            "mean": 1167302592.5006936,
            "median": 53650447,
            "standardDeviation": 3032460470.0534797,
            "min": 75879,
            "max": 18467312585,
            "baselineWeightedEfficiencyScore": 132870920.75006936
        }
    },
    "0.28.0": {
        "stable": {
            "count": 508,
            "mean": 140719129.17716536,
            "median": 985857,
            "standardDeviation": 1531246550.501176,
            "min": 166942,
            "max": 21001607396,
            "baselineWeightedEfficiencyScore": 14467835.217716537
        },
        "experimental": {
            "count": 734,
            "mean": 1319100223.920981,
            "median": 77516650,
            "standardDeviation": 3192665803.164833,
            "min": 75892,
            "max": 18469948920,
            "baselineWeightedEfficiencyScore": 155210552.5920981
        }
    },
    "0.29.0": {
        "stable": {
            "count": 504,
            "mean": 141829978.05753967,
            "median": 1046923.5,
            "standardDeviation": 1537209174.99522,
            "min": 166942,
            "max": 21003576762,
            "baselineWeightedEfficiencyScore": 14597240.055753969
        },
        "experimental": {
            "count": 733,
            "mean": 1141954953.5729878,
            "median": 50771714,
            "standardDeviation": 2991770992.600305,
            "min": 75913,
            "max": 18460391789,
            "baselineWeightedEfficiencyScore": 129472557.35729879
        }
    },
    "0.30.0": {
        "stable": {
            "count": 664,
            "mean": 121849915.43072289,
            "median": 875663,
            "standardDeviation": 1316767782.8703065,
            "min": 99500,
            "max": 20865050327,
            "baselineWeightedEfficiencyScore": 12507390.443072291
        },
        "experimental": {
            "count": 834,
            "mean": 1144977843.8333333,
            "median": 5020239,
            "standardDeviation": 3053160023.868445,
            "min": 76621,
            "max": 18333390745,
            "baselineWeightedEfficiencyScore": 116049828.68333332
        }
    }
}
