{
    "0.25.0-dev": {
        "stable": {
            "count": 611,
            "mean": 120237704.94599018,
            "median": 1011216,
            "standardDeviation": 1266731659.1596396,
            "min": 163759,
            "max": 19060732880,
            "baselineWeightedEfficiencyScore": 12425390.694599018
        },
        "experimental": {
            "count": 745,
            "mean": 1026538663.6483221,
            "median": 8922860,
            "standardDeviation": 3031934484.2442517,
            "min": 84524,
            "max": 18426067752,
            "baselineWeightedEfficiencyScore": 105381438.76483223
        }
    },
    "0.25.0-alpha": {
        "stable": {
            "count": 624,
            "mean": 101374357.53525642,
            "median": 1040987,
            "standardDeviation": 1192914154.3810272,
            "min": 155606,
            "max": 18226207933,
            "baselineWeightedEfficiencyScore": 10543095.453525642
        },
        "experimental": {
            "count": 686,
            "mean": 1153922654.5932944,
            "median": 8920551.5,
            "standardDeviation": 3168782029.724511,
            "min": 83475,
            "max": 18422514685,
            "baselineWeightedEfficiencyScore": 118118515.90932944
        }
    },
    "0.25.0": {
        "stable": {
            "count": 587,
            "mean": 121252643.32879046,
            "median": 1138843,
            "standardDeviation": 1416653240.869716,
            "min": 187283,
            "max": 21097096535,
            "baselineWeightedEfficiencyScore": 12579287.032879045
        },
        "experimental": {
            "count": 596,
            "mean": 808198534.0637584,
            "median": 8925503,
            "standardDeviation": 2674732562.9079432,
            "min": 88528,
            "max": 18489430011,
            "baselineWeightedEfficiencyScore": 83550621.10637584
        }
    },
    "0.26.0": {
        "stable": {
            "count": 582,
            "mean": 121131004.39690721,
            "median": 625431,
            "standardDeviation": 1410198908.8575644,
            "min": 169160,
            "max": 20896276762,
            "baselineWeightedEfficiencyScore": 12402225.739690723
        },
        "experimental": {
            "count": 819,
            "mean": 1164274023.028083,
            "median": 47529412,
            "standardDeviation": 3061795462.5515304,
            "min": 77168,
            "max": 18568670413,
            "baselineWeightedEfficiencyScore": 130732526.70280832
        }
    }
}
